series_id,entity_id,school_year,reference_date,grade_scope,population_basis,count_basis,value,value_state,status,source_id,source_locator,notes
wwsu-2016,huusd,2016-17,2016-10-01,K-12,wwsu_reported_all_enrollment,reported_headcount,1769,observed,observed,1g7PC4OTz2KsWShYNSd0p4DouDdfsOoP2,p3; 2016 column; Total Washington West K to Grade 12,Predecessor WWSU schools serving today's HUUSD area; Early College treatment unstated
wwsu-2016,fayston,2016-17,2016-10-01,K-6,wwsu_reported_all_enrollment,reported_headcount,86,observed,observed,1g7PC4OTz2KsWShYNSd0p4DouDdfsOoP2,p1; 2016 Fayston Total,PK excluded from this total
wwsu-2016,moretown,2016-17,2016-10-01,K-6,wwsu_reported_all_enrollment,reported_headcount,103,observed,observed,1g7PC4OTz2KsWShYNSd0p4DouDdfsOoP2,p1; 2016 Moretown Total K to Grade 6,
wwsu-2016,waitsfield,2016-17,2016-10-01,K-6,wwsu_reported_all_enrollment,reported_headcount,111,observed,observed,1g7PC4OTz2KsWShYNSd0p4DouDdfsOoP2,p1; 2016 Waitsfield Total K to Grade 6,
wwsu-2016,warren,2016-17,2016-10-01,K-6,wwsu_reported_all_enrollment,reported_headcount,140,observed,observed,1g7PC4OTz2KsWShYNSd0p4DouDdfsOoP2,p2; 2016 Warren Total K to Grade 6,
wwsu-2016,brookside,2016-17,2016-10-01,K-4,wwsu_reported_all_enrollment,reported_headcount,381,observed,observed,1g7PC4OTz2KsWShYNSd0p4DouDdfsOoP2,p2; 2016 Thatcher Brook Total K to Grade 4,Source name Thatcher Brook PS
wwsu-2016,crossett-brook,2016-17,2016-10-01,5-8,wwsu_reported_all_enrollment,reported_headcount,278,observed,observed,1g7PC4OTz2KsWShYNSd0p4DouDdfsOoP2,p3; 2016 Crossett Brook Total Grade 5 to Grade 8,
wwsu-2016,harwood-middle,2016-17,2016-10-01,7-8,wwsu_reported_all_enrollment,derived_headcount,152,observed,observed,1g7PC4OTz2KsWShYNSd0p4DouDdfsOoP2,p3; 2016 Harwood Grade 7 and Grade 8,"Calculated from visually checked grade counts in the same source table: grade 7, 77; grade 8, 75."
wwsu-2016,harwood-high,2016-17,2016-10-01,9-12,wwsu_reported_all_enrollment,derived_headcount,518,observed,observed,1g7PC4OTz2KsWShYNSd0p4DouDdfsOoP2,p3; 2016 Harwood Grade 9 through Grade 12,"Calculated from visually checked grade counts in the same source table: grade 9, 127; grade 10, 129; grade 11, 135; grade 12, 127."
district-2017,huusd,2017-18,2017-10-01,K-12+,district_2017_all_attending_12plus,derived_headcount,1721,observed,observed,146yQpsn-lwf-AwRzXPwrXB6PAHtA5LY3,pp8-9; Appendix 4; District Oct 1 column; K through 12+ rows,"Calculated from the school counts in the same source: Fayston, 81; Moretown, 106; Waitsfield, 112; Warren, 135; Brookside, 369; Crossett Brook, 274; Harwood Middle, 143; Harwood High, 501. The printed total of 1947 includes PK."
district-2017,fayston,2017-18,2017-10-01,K-6,district_2017_all_attending_12plus,derived_headcount,81,observed,observed,146yQpsn-lwf-AwRzXPwrXB6PAHtA5LY3,p8; Fayston; District Oct 1 column; K through 6,"Calculated from visually checked grade counts in the source: kindergarten, 10; grade 1, 6; grade 2, 13; grade 3, 10; grade 4, 10; grade 5, 16; grade 6, 16. Excludes PK enrollment of 23."
district-2017,moretown,2017-18,2017-10-01,K-6,district_2017_all_attending_12plus,derived_headcount,106,observed,observed,146yQpsn-lwf-AwRzXPwrXB6PAHtA5LY3,p8; Moretown; District Oct 1 column; K through 6,"Calculated from visually checked grade counts in the source: kindergarten, 15; grade 1, 17; grade 2, 18; grade 3, 13; grade 4, 15; grade 5, 15; grade 6, 13. Excludes PK enrollment of 41."
district-2017,waitsfield,2017-18,2017-10-01,K-6,district_2017_all_attending_12plus,derived_headcount,112,observed,observed,146yQpsn-lwf-AwRzXPwrXB6PAHtA5LY3,p8; Waitsfield; District Oct 1 column; K through 6,"Calculated from visually checked grade counts in the source: kindergarten, 19; grade 1, 15; grade 2, 10; grade 3, 23; grade 4, 16; grade 5, 17; grade 6, 12. Excludes PK enrollment of 26."
district-2017,warren,2017-18,2017-10-01,K-6,district_2017_all_attending_12plus,derived_headcount,135,observed,observed,146yQpsn-lwf-AwRzXPwrXB6PAHtA5LY3,p9; Warren; District Oct 1 column; K through 6,"Calculated from visually checked grade counts in the source: kindergarten, 16; grade 1, 19; grade 2, 16; grade 3, 21; grade 4, 17; grade 5, 21; grade 6, 25. Excludes PK enrollment of 31."
district-2017,brookside,2017-18,2017-10-01,K-4,district_2017_all_attending_12plus,derived_headcount,369,observed,observed,146yQpsn-lwf-AwRzXPwrXB6PAHtA5LY3,p9; Thatcher Brook; District Oct 1 column; K through 4,"Calculated from visually checked grade counts in the source: kindergarten, 72; grade 1, 76; grade 2, 72; grade 3, 74; grade 4, 75. Excludes PK enrollment of 105. The source names the school Thatcher Brook PS."
district-2017,crossett-brook,2017-18,2017-10-01,5-8,district_2017_all_attending_12plus,reported_headcount,274,observed,observed,146yQpsn-lwf-AwRzXPwrXB6PAHtA5LY3,p9; Crossett Brook; District Oct 1 column; Total Grade 5 to Grade 8,
district-2017,harwood-middle,2017-18,2017-10-01,7-8,district_2017_all_attending_12plus,derived_headcount,143,observed,observed,146yQpsn-lwf-AwRzXPwrXB6PAHtA5LY3,p9; Harwood; District Oct 1 column; Grade 7 and 8,"Calculated from visually checked grade counts in the source: grade 7, 68; grade 8, 75."
district-2017,harwood-high,2017-18,2017-10-01,9-12+,district_2017_all_attending_12plus,derived_headcount,501,observed,observed,146yQpsn-lwf-AwRzXPwrXB6PAHtA5LY3,p9; Harwood; District Oct 1 column; Grade 9 through 12+,"Calculated from visually checked grade counts in the source: grade 9, 130; grade 10, 116; grade 11, 124; grade 12+, 131. The meaning of 12+ and the treatment of Early College remain unresolved."
district-2017-pk-inclusive,huusd,2017-18,2017-10-01,PK-12+,district_2017_pk_inclusive,reported_headcount,1947,observed,observed,146yQpsn-lwf-AwRzXPwrXB6PAHtA5LY3,p9; District Oct 1 column; printed Total Washington West K to Grade 12,The printed label omits PK but the total includes PK enrollment of 226. This total is kept separate and is not plotted as K-12 enrollment.
nesdec-2018-history,huusd,2018-19,,K-12,nesdec_2018_supplied_enrollment,derived_headcount,1682,observed,observed,0B2uQwDkbPKEVUWFkaTFlUXBHN1hjaXVweU42THhfSzM2Yy1Z,pp3/10/17/24/31/38/44; 2018-19 historical rows,"Calculated from the school counts in the same source: Fayston, 82; Moretown, 114; Waitsfield, 117; Warren, 128; Brookside, 342; Crossett Brook, 285; Harwood Middle, 135; Harwood High, 479. The exact count date has not been verified."
nesdec-2018-history,fayston,2018-19,,K-6,nesdec_2018_supplied_enrollment,reported_headcount,82,observed,observed,0B2uQwDkbPKEVUWFkaTFlUXBHN1hjaXVweU42THhfSzM2Yy1Z,p3; Historical Enrollment; 2018-19; K-6,December 5 sheet; count date and attendance definition unverified
nesdec-2018-history,moretown,2018-19,,K-6,nesdec_2018_supplied_enrollment,reported_headcount,114,observed,observed,0B2uQwDkbPKEVUWFkaTFlUXBHN1hjaXVweU42THhfSzM2Yy1Z,p10; Historical Enrollment; 2018-19; K-6,December 5 sheet
nesdec-2018-history,waitsfield,2018-19,,K-6,nesdec_2018_supplied_enrollment,reported_headcount,117,observed,observed,0B2uQwDkbPKEVUWFkaTFlUXBHN1hjaXVweU42THhfSzM2Yy1Z,p17; Historical Enrollment; 2018-19; K-6,December 5 sheet
nesdec-2018-history,warren,2018-19,,K-6,nesdec_2018_supplied_enrollment,reported_headcount,128,observed,observed,0B2uQwDkbPKEVUWFkaTFlUXBHN1hjaXVweU42THhfSzM2Yy1Z,p24; Historical Enrollment; 2018-19; K-6,December 5 sheet
nesdec-2018-history,brookside,2018-19,,K-4,nesdec_2018_supplied_enrollment,reported_headcount,342,observed,observed,0B2uQwDkbPKEVUWFkaTFlUXBHN1hjaXVweU42THhfSzM2Yy1Z,p31; Historical Enrollment; 2018-19; K-4,Source name Thatcher Brook Elementary; December 5 sheet
nesdec-2018-history,crossett-brook,2018-19,,5-8,nesdec_2018_supplied_enrollment,reported_headcount,285,observed,observed,0B2uQwDkbPKEVUWFkaTFlUXBHN1hjaXVweU42THhfSzM2Yy1Z,p38; Historical Enrollment; 2018-19; 5-8,December 5 sheet
nesdec-2018-history,harwood-middle,2018-19,,7-8,nesdec_2018_supplied_enrollment,derived_headcount,135,observed,observed,0B2uQwDkbPKEVUWFkaTFlUXBHN1hjaXVweU42THhfSzM2Yy1Z,p44; Historical Enrollment; 2018-19; Grades 7 and 8,"Calculated from visually checked grade counts in the source: grade 7, 65; grade 8, 70. Uses the revised December 12 sheet."
nesdec-2018-history,harwood-high,2018-19,,9-12,nesdec_2018_supplied_enrollment,reported_headcount,479,observed,observed,0B2uQwDkbPKEVUWFkaTFlUXBHN1hjaXVweU42THhfSzM2Yy1Z,p44; Historical Enrollment in Grade Combinations; 2018-19; 9-12,Revised December 12 sheet; Early College treatment unresolved
district-retrospective-2019-2020,huusd,2019-20,2019-10-01,K-12,district_2021_reported_history,reported_headcount,1668,observed,observed,1ZgT8xG9VWAbQ-rN-P93EMe9As8ttnamP,p1; 2019; district TOT,Retrospective October count; contemporary attendance definition unresolved
district-retrospective-2019-2020,fayston,2019-20,2019-10-01,K-6,district_2021_reported_history,reported_headcount,60,observed,observed,1ZgT8xG9VWAbQ-rN-P93EMe9As8ttnamP,p1; 2019 Fay TOT,
district-retrospective-2019-2020,moretown,2019-20,2019-10-01,K-6,district_2021_reported_history,reported_headcount,121,observed,observed,1ZgT8xG9VWAbQ-rN-P93EMe9As8ttnamP,p1; 2019 Mor TOT,
district-retrospective-2019-2020,waitsfield,2019-20,2019-10-01,K-6,district_2021_reported_history,reported_headcount,117,observed,observed,1ZgT8xG9VWAbQ-rN-P93EMe9As8ttnamP,p1; 2019 Wait TOT,
district-retrospective-2019-2020,warren,2019-20,2019-10-01,K-6,district_2021_reported_history,reported_headcount,128,observed,observed,1ZgT8xG9VWAbQ-rN-P93EMe9As8ttnamP,p1; 2019 Warr TOT,
district-retrospective-2019-2020,brookside,2019-20,2019-10-01,K-4,district_2021_reported_history,reported_headcount,339,observed,observed,1ZgT8xG9VWAbQ-rN-P93EMe9As8ttnamP,p1; 2019 TB TOT,Source name TB
district-retrospective-2019-2020,crossett-brook,2019-20,2019-10-01,5-8,district_2021_reported_history,reported_headcount,304,observed,observed,1ZgT8xG9VWAbQ-rN-P93EMe9As8ttnamP,p1; 2019 CB TOT,
district-retrospective-2019-2020,harwood-middle,2019-20,2019-10-01,7-8,district_2021_reported_history,derived_headcount,119,observed,observed,1ZgT8xG9VWAbQ-rN-P93EMe9As8ttnamP,p1; 2019 HU; Grades 7 and 8,"Calculated from visually checked grade counts in the source: grade 7, 57; grade 8, 62."
district-retrospective-2019-2020,harwood-high,2019-20,2019-10-01,9-12,district_2021_reported_history,derived_headcount,480,observed,observed,1ZgT8xG9VWAbQ-rN-P93EMe9As8ttnamP,p1; 2019 HU; Grades 9 through 12,"Calculated from visually checked grade counts in the source: grade 9, 131; grade 10, 122; grade 11, 128; grade 12, 99. The treatment of Early College remains unresolved."
district-retrospective-2019-2020,huusd,2020-21,2020-10-01,K-12,district_2021_reported_history,reported_headcount,1586,observed,observed,1ZgT8xG9VWAbQ-rN-P93EMe9As8ttnamP,p1; 2020; district TOT,Retrospective October count; contemporary attendance definition unresolved
district-retrospective-2019-2020,fayston,2020-21,2020-10-01,K-6,district_2021_reported_history,reported_headcount,59,observed,observed,1ZgT8xG9VWAbQ-rN-P93EMe9As8ttnamP,p1; 2020 Fay TOT,
district-retrospective-2019-2020,moretown,2020-21,2020-10-01,K-6,district_2021_reported_history,reported_headcount,106,observed,observed,1ZgT8xG9VWAbQ-rN-P93EMe9As8ttnamP,p1; 2020 Mor TOT,
district-retrospective-2019-2020,waitsfield,2020-21,2020-10-01,K-6,district_2021_reported_history,reported_headcount,130,observed,observed,1ZgT8xG9VWAbQ-rN-P93EMe9As8ttnamP,p1; 2020 Wait TOT,
district-retrospective-2019-2020,warren,2020-21,2020-10-01,K-6,district_2021_reported_history,reported_headcount,115,observed,observed,1ZgT8xG9VWAbQ-rN-P93EMe9As8ttnamP,p1; 2020 Warr TOT,
district-retrospective-2019-2020,brookside,2020-21,2020-10-01,K-4,district_2021_reported_history,reported_headcount,320,observed,observed,1ZgT8xG9VWAbQ-rN-P93EMe9As8ttnamP,p1; 2020 TB TOT,Source name TB
district-retrospective-2019-2020,crossett-brook,2020-21,2020-10-01,5-8,district_2021_reported_history,reported_headcount,288,observed,observed,1ZgT8xG9VWAbQ-rN-P93EMe9As8ttnamP,p1; 2020 CB TOT,
district-retrospective-2019-2020,harwood-middle,2020-21,2020-10-01,7-8,district_2021_reported_history,derived_headcount,107,observed,observed,1ZgT8xG9VWAbQ-rN-P93EMe9As8ttnamP,p1; 2020 HU; Grades 7 and 8,"Calculated from visually checked grade counts in the source: grade 7, 52; grade 8, 55."
district-retrospective-2019-2020,harwood-high,2020-21,2020-10-01,9-12,district_2021_reported_history,derived_headcount,461,observed,observed,1ZgT8xG9VWAbQ-rN-P93EMe9As8ttnamP,p1; 2020 HU; Grades 9 through 12,"Calculated from visually checked grade counts in the source: grade 9, 115; grade 10, 124; grade 11, 116; grade 12, 106. The treatment of Early College remains unresolved."
attending-october,huusd,2016-17,2016-10-01,K-12,attending_excludes_early_college,reported_headcount,,missing,observed,1g7PC4OTz2KsWShYNSd0p4DouDdfsOoP2,pp1-3; definition note,No verified count under the attending definition. A separate WWSU reported series is available.
attending-october,huusd,2017-18,2017-10-01,K-12,attending_excludes_early_college,reported_headcount,,missing,observed,146yQpsn-lwf-AwRzXPwrXB6PAHtA5LY3,pp8-9; Appendix 4 headings,No verified count under the attending definition. The meaning of 12+ and the treatment of Early College remain unresolved.
attending-october,huusd,2018-19,,K-12,attending_excludes_early_college,reported_headcount,,missing,observed,0B2uQwDkbPKEVUWFkaTFlUXBHN1hjaXVweU42THhfSzM2Yy1Z,pp1-3 and p44; methodology and history,No verified count under the attending definition. The exact October date and definition of attendance have not been verified.
attending-october,huusd,2019-20,2019-10-01,K-12,attending_excludes_early_college,reported_headcount,,missing,observed,1ZgT8xG9VWAbQ-rN-P93EMe9As8ttnamP,p1; retrospective 2019 history,No verified count under the attending definition. The definition of attendance used at the time remains unresolved.
attending-october,huusd,2020-21,2020-10-01,K-12,attending_excludes_early_college,reported_headcount,,missing,observed,1ZgT8xG9VWAbQ-rN-P93EMe9As8ttnamP,p1; retrospective 2020 history,No verified count under the attending definition. The definition of attendance used at the time remains unresolved.
attending-october,huusd,2021-22,2021-10-01,K-12,attending_excludes_early_college,reported_headcount,1619,observed,observed,1ZgT8xG9VWAbQ-rN-P93EMe9As8ttnamP,p6; HUUSD Summary; Students In Seats,Final certification unverified; returning COVID homeschool students already included
attending-october,fayston,2021-22,2021-10-01,K-6,attending_excludes_early_college,reported_headcount,72,observed,observed,1ZgT8xG9VWAbQ-rN-P93EMe9As8ttnamP,p5; Fayston Total; Students In Seats,
attending-october,moretown,2021-22,2021-10-01,K-6,attending_excludes_early_college,reported_headcount,117,observed,observed,1ZgT8xG9VWAbQ-rN-P93EMe9As8ttnamP,p5; Moretown Total; Students In Seats,
attending-october,waitsfield,2021-22,2021-10-01,K-6,attending_excludes_early_college,reported_headcount,128,observed,observed,1ZgT8xG9VWAbQ-rN-P93EMe9As8ttnamP,p5; Waitsfield Total; Students In Seats,
attending-october,warren,2021-22,2021-10-01,K-6,attending_excludes_early_college,reported_headcount,117,observed,observed,1ZgT8xG9VWAbQ-rN-P93EMe9As8ttnamP,p5; Warren Total; Students In Seats,
attending-october,brookside,2021-22,2021-10-01,K-4,attending_excludes_early_college,reported_headcount,311,observed,observed,1ZgT8xG9VWAbQ-rN-P93EMe9As8ttnamP,p5; BPS Total; Students In Seats,Renamed from Thatcher Brook in 2021; same school identity
attending-october,crossett-brook,2021-22,2021-10-01,5-8,attending_excludes_early_college,reported_headcount,295,observed,observed,1ZgT8xG9VWAbQ-rN-P93EMe9As8ttnamP,p6; CBMS Total; Students In Seats,
attending-october,harwood-middle,2021-22,2021-10-01,7-8,attending_excludes_early_college,reported_headcount,99,observed,observed,1ZgT8xG9VWAbQ-rN-P93EMe9As8ttnamP,p6; HUMS Total; Students In Seats,
attending-october,harwood-high,2021-22,2021-10-01,9-12,attending_excludes_early_college,reported_headcount,480,observed,observed,1ZgT8xG9VWAbQ-rN-P93EMe9As8ttnamP,p6; HUHS Total; Students In Seats,Excludes 13 fully offsite Early College students; dual enrollment included
attending-october,huusd,2022-23,2022-10-01,K-12,attending_excludes_early_college,reported_headcount,1607,observed,observed,1BQ-9Jn6QiTg8K_o8rXTF-bTgoSk8HJSR,p6; HUUSD Summary; Total Attending Students,Final certification unverified
attending-october,fayston,2022-23,2022-10-01,K-6,attending_excludes_early_college,reported_headcount,74,observed,observed,1BQ-9Jn6QiTg8K_o8rXTF-bTgoSk8HJSR,p5; Fayston Total; Students In Seats,
attending-october,moretown,2022-23,2022-10-01,K-6,attending_excludes_early_college,reported_headcount,121,observed,observed,1BQ-9Jn6QiTg8K_o8rXTF-bTgoSk8HJSR,p5; Moretown Total; Students In Seats,
attending-october,waitsfield,2022-23,2022-10-01,K-6,attending_excludes_early_college,reported_headcount,137,observed,observed,1BQ-9Jn6QiTg8K_o8rXTF-bTgoSk8HJSR,p5; Waitsfield Total; Students In Seats,
attending-october,warren,2022-23,2022-10-01,K-6,attending_excludes_early_college,reported_headcount,115,observed,observed,1BQ-9Jn6QiTg8K_o8rXTF-bTgoSk8HJSR,p5; Warren Total; Students In Seats,
attending-october,brookside,2022-23,2022-10-01,K-4,attending_excludes_early_college,reported_headcount,311,observed,observed,1BQ-9Jn6QiTg8K_o8rXTF-bTgoSk8HJSR,p5; BPS Total; Students In Seats,
attending-october,crossett-brook,2022-23,2022-10-01,5-8,attending_excludes_early_college,reported_headcount,289,observed,observed,1BQ-9Jn6QiTg8K_o8rXTF-bTgoSk8HJSR,p6; CBMS Total; Total Attending Students,
attending-october,harwood-middle,2022-23,2022-10-01,7-8,attending_excludes_early_college,reported_headcount,98,observed,observed,1BQ-9Jn6QiTg8K_o8rXTF-bTgoSk8HJSR,p6; HUMS Total; Total Attending Students,
attending-october,harwood-high,2022-23,2022-10-01,9-12,attending_excludes_early_college,reported_headcount,462,observed,observed,1BQ-9Jn6QiTg8K_o8rXTF-bTgoSk8HJSR,p6; HUHS Total; Total Attending Students,Excludes 12 Early College; dual enrollment and technical-school students included
attending-october,huusd,2023-24,2023-10-01,K-12,attending_excludes_early_college,reported_headcount,1597,observed,observed,1hurfiw4WmHLdq8brBVCWXLj4n8tjPiCF,p7; HUUSD Summary; Total Attending Students,Final certification unverified
attending-october,fayston,2023-24,2023-10-01,K-6,attending_excludes_early_college,reported_headcount,89,observed,observed,1hurfiw4WmHLdq8brBVCWXLj4n8tjPiCF,p6; Fayston Total; Students In Seats,
attending-october,moretown,2023-24,2023-10-01,K-6,attending_excludes_early_college,reported_headcount,121,observed,observed,1hurfiw4WmHLdq8brBVCWXLj4n8tjPiCF,p6; Moretown Total; Students In Seats,
attending-october,waitsfield,2023-24,2023-10-01,K-6,attending_excludes_early_college,reported_headcount,134,observed,observed,1hurfiw4WmHLdq8brBVCWXLj4n8tjPiCF,p6; Waitsfield Total; Students In Seats,
attending-october,warren,2023-24,2023-10-01,K-6,attending_excludes_early_college,reported_headcount,108,observed,observed,1hurfiw4WmHLdq8brBVCWXLj4n8tjPiCF,p6; Warren Total; Students In Seats,
attending-october,brookside,2023-24,2023-10-01,K-4,attending_excludes_early_college,reported_headcount,309,observed,observed,1hurfiw4WmHLdq8brBVCWXLj4n8tjPiCF,p6; BPS Total; Students In Seats,
attending-october,crossett-brook,2023-24,2023-10-01,5-8,attending_excludes_early_college,reported_headcount,273,observed,observed,1hurfiw4WmHLdq8brBVCWXLj4n8tjPiCF,p7; CBMS Total; Total Attending Students,
attending-october,harwood-middle,2023-24,2023-10-01,7-8,attending_excludes_early_college,reported_headcount,109,observed,observed,1hurfiw4WmHLdq8brBVCWXLj4n8tjPiCF,p7; HUMS Total; Total Attending Students,
attending-october,harwood-high,2023-24,2023-10-01,9-12,attending_excludes_early_college,reported_headcount,454,observed,observed,1hurfiw4WmHLdq8brBVCWXLj4n8tjPiCF,p7; HUHS Total; Total Attending Students,Excludes 8 Early College; dual enrollment and technical-school students included
attending-october,huusd,2024-25,2024-10-01,K-12,attending_excludes_early_college,reported_headcount,1601,observed,observed,1NYi0bLCAh_HQzUfUJpAp7ao_GXsx0cSv,p7; HUUSD Summary; Total Attending Students,Final certification unverified
attending-october,fayston,2024-25,2024-10-01,K-6,attending_excludes_early_college,reported_headcount,98,observed,observed,1NYi0bLCAh_HQzUfUJpAp7ao_GXsx0cSv,p6; Fayston Total; Students In Seats,
attending-october,moretown,2024-25,2024-10-01,K-6,attending_excludes_early_college,reported_headcount,121,observed,observed,1NYi0bLCAh_HQzUfUJpAp7ao_GXsx0cSv,p6; Moretown Total; Students In Seats,
attending-october,waitsfield,2024-25,2024-10-01,K-6,attending_excludes_early_college,reported_headcount,130,observed,observed,1NYi0bLCAh_HQzUfUJpAp7ao_GXsx0cSv,p6; Waitsfield Total; Students In Seats,
attending-october,warren,2024-25,2024-10-01,K-6,attending_excludes_early_college,reported_headcount,108,observed,observed,1NYi0bLCAh_HQzUfUJpAp7ao_GXsx0cSv,p6; Warren Total; Students In Seats,
attending-october,brookside,2024-25,2024-10-01,K-4,attending_excludes_early_college,reported_headcount,303,observed,observed,1NYi0bLCAh_HQzUfUJpAp7ao_GXsx0cSv,p6; BPS Total; Students In Seats,
attending-october,crossett-brook,2024-25,2024-10-01,5-8,attending_excludes_early_college,reported_headcount,264,observed,observed,1NYi0bLCAh_HQzUfUJpAp7ao_GXsx0cSv,p7; CBMS Total; Total Attending Students,
attending-october,harwood-middle,2024-25,2024-10-01,7-8,attending_excludes_early_college,reported_headcount,125,observed,observed,1NYi0bLCAh_HQzUfUJpAp7ao_GXsx0cSv,p7; HUMS Total; Total Attending Students,
attending-october,harwood-high,2024-25,2024-10-01,9-12,attending_excludes_early_college,reported_headcount,452,observed,observed,1NYi0bLCAh_HQzUfUJpAp7ao_GXsx0cSv,p7; HUHS Total; Total Attending Students,Excludes 12 Early College; dual enrollment and technical-school students included
attending-october,huusd,2025-26,2025-10-01,K-12,attending_excludes_early_college,reported_headcount,1578,observed,observed,14nuOyhvdQmXOtU9LaQFITrJnm1trO24_,p8 (printed 7); HUUSD Summary; Total Attending Students,Final certification unverified
attending-october,fayston,2025-26,2025-10-01,K-6,attending_excludes_early_college,reported_headcount,91,observed,observed,14nuOyhvdQmXOtU9LaQFITrJnm1trO24_,p7 (printed 6); Fayston Total; Total Attending Students,
attending-october,moretown,2025-26,2025-10-01,K-6,attending_excludes_early_college,reported_headcount,137,observed,observed,14nuOyhvdQmXOtU9LaQFITrJnm1trO24_,p7 (printed 6); Moretown Total; Total Attending Students,
attending-october,waitsfield,2025-26,2025-10-01,K-6,attending_excludes_early_college,reported_headcount,118,observed,observed,14nuOyhvdQmXOtU9LaQFITrJnm1trO24_,p7 (printed 6); Waitsfield Total; Total Attending Students,
attending-october,warren,2025-26,2025-10-01,K-6,attending_excludes_early_college,reported_headcount,93,observed,observed,14nuOyhvdQmXOtU9LaQFITrJnm1trO24_,p7 (printed 6); Warren Total; Total Attending Students,
attending-october,brookside,2025-26,2025-10-01,K-4,attending_excludes_early_college,reported_headcount,285,observed,observed,14nuOyhvdQmXOtU9LaQFITrJnm1trO24_,p7 (printed 6); BPS Total; Total Attending Students,
attending-october,crossett-brook,2025-26,2025-10-01,5-8,attending_excludes_early_college,reported_headcount,263,observed,observed,14nuOyhvdQmXOtU9LaQFITrJnm1trO24_,p8 (printed 7); CBMS Total; Total Attending Students,
attending-october,harwood-middle,2025-26,2025-10-01,7-8,attending_excludes_early_college,reported_headcount,133,observed,observed,14nuOyhvdQmXOtU9LaQFITrJnm1trO24_,p8 (printed 7); HUMS Total; Total Attending Students,
attending-october,harwood-high,2025-26,2025-10-01,9-12,attending_excludes_early_college,reported_headcount,458,observed,observed,14nuOyhvdQmXOtU9LaQFITrJnm1trO24_,p8 (printed 7); HUHS Total; Total Attending Students,Excludes 13 Early College; dual enrollment and technical-school students included
attending-october,fayston,2025-26,2025-10-01,K,attending_excludes_early_college,reported_headcount,12,observed,observed,14nuOyhvdQmXOtU9LaQFITrJnm1trO24_,p7; Fayston K; Total Attending Students,
attending-october,fayston,2025-26,2025-10-01,1,attending_excludes_early_college,reported_headcount,10,observed,observed,14nuOyhvdQmXOtU9LaQFITrJnm1trO24_,p7; Fayston 1; Total Attending Students,
attending-october,fayston,2025-26,2025-10-01,2,attending_excludes_early_college,reported_headcount,12,observed,observed,14nuOyhvdQmXOtU9LaQFITrJnm1trO24_,p7; Fayston 2; Total Attending Students,
attending-october,fayston,2025-26,2025-10-01,3,attending_excludes_early_college,reported_headcount,18,observed,observed,14nuOyhvdQmXOtU9LaQFITrJnm1trO24_,p7; Fayston 3; Total Attending Students,
attending-october,fayston,2025-26,2025-10-01,4,attending_excludes_early_college,reported_headcount,10,observed,observed,14nuOyhvdQmXOtU9LaQFITrJnm1trO24_,p7; Fayston 4; Total Attending Students,
attending-october,fayston,2025-26,2025-10-01,5,attending_excludes_early_college,reported_headcount,15,observed,observed,14nuOyhvdQmXOtU9LaQFITrJnm1trO24_,p7; Fayston 5; Total Attending Students,
attending-october,fayston,2025-26,2025-10-01,6,attending_excludes_early_college,reported_headcount,14,observed,observed,14nuOyhvdQmXOtU9LaQFITrJnm1trO24_,p7; Fayston 6; Total Attending Students,
attending-october,moretown,2025-26,2025-10-01,K,attending_excludes_early_college,reported_headcount,25,observed,observed,14nuOyhvdQmXOtU9LaQFITrJnm1trO24_,p7; Moretown K; Total Attending Students,
attending-october,moretown,2025-26,2025-10-01,1,attending_excludes_early_college,reported_headcount,19,observed,observed,14nuOyhvdQmXOtU9LaQFITrJnm1trO24_,p7; Moretown 1; Total Attending Students,
attending-october,moretown,2025-26,2025-10-01,2,attending_excludes_early_college,reported_headcount,20,observed,observed,14nuOyhvdQmXOtU9LaQFITrJnm1trO24_,p7; Moretown 2; Total Attending Students,
attending-october,moretown,2025-26,2025-10-01,3,attending_excludes_early_college,reported_headcount,14,observed,observed,14nuOyhvdQmXOtU9LaQFITrJnm1trO24_,p7; Moretown 3; Total Attending Students,
attending-october,moretown,2025-26,2025-10-01,4,attending_excludes_early_college,reported_headcount,24,observed,observed,14nuOyhvdQmXOtU9LaQFITrJnm1trO24_,p7; Moretown 4; Total Attending Students,
attending-october,moretown,2025-26,2025-10-01,5,attending_excludes_early_college,reported_headcount,20,observed,observed,14nuOyhvdQmXOtU9LaQFITrJnm1trO24_,p7; Moretown 5; Total Attending Students,
attending-october,moretown,2025-26,2025-10-01,6,attending_excludes_early_college,reported_headcount,15,observed,observed,14nuOyhvdQmXOtU9LaQFITrJnm1trO24_,p7; Moretown 6; Total Attending Students,
attending-october,waitsfield,2025-26,2025-10-01,K,attending_excludes_early_college,reported_headcount,16,observed,observed,14nuOyhvdQmXOtU9LaQFITrJnm1trO24_,p7; Waitsfield K; Total Attending Students,
attending-october,waitsfield,2025-26,2025-10-01,1,attending_excludes_early_college,reported_headcount,16,observed,observed,14nuOyhvdQmXOtU9LaQFITrJnm1trO24_,p7; Waitsfield 1; Total Attending Students,
attending-october,waitsfield,2025-26,2025-10-01,2,attending_excludes_early_college,reported_headcount,17,observed,observed,14nuOyhvdQmXOtU9LaQFITrJnm1trO24_,p7; Waitsfield 2; Total Attending Students,
attending-october,waitsfield,2025-26,2025-10-01,3,attending_excludes_early_college,reported_headcount,17,observed,observed,14nuOyhvdQmXOtU9LaQFITrJnm1trO24_,p7; Waitsfield 3; Total Attending Students,
attending-october,waitsfield,2025-26,2025-10-01,4,attending_excludes_early_college,reported_headcount,12,observed,observed,14nuOyhvdQmXOtU9LaQFITrJnm1trO24_,p7; Waitsfield 4; Total Attending Students,
attending-october,waitsfield,2025-26,2025-10-01,5,attending_excludes_early_college,reported_headcount,18,observed,observed,14nuOyhvdQmXOtU9LaQFITrJnm1trO24_,p7; Waitsfield 5; Total Attending Students,
attending-october,waitsfield,2025-26,2025-10-01,6,attending_excludes_early_college,reported_headcount,22,observed,observed,14nuOyhvdQmXOtU9LaQFITrJnm1trO24_,p7; Waitsfield 6; Total Attending Students,
attending-october,warren,2025-26,2025-10-01,K,attending_excludes_early_college,reported_headcount,8,observed,observed,14nuOyhvdQmXOtU9LaQFITrJnm1trO24_,p7; Warren K; Total Attending Students,
attending-october,warren,2025-26,2025-10-01,1,attending_excludes_early_college,reported_headcount,15,observed,observed,14nuOyhvdQmXOtU9LaQFITrJnm1trO24_,p7; Warren 1; Total Attending Students,
attending-october,warren,2025-26,2025-10-01,2,attending_excludes_early_college,reported_headcount,18,observed,observed,14nuOyhvdQmXOtU9LaQFITrJnm1trO24_,p7; Warren 2; Total Attending Students,
attending-october,warren,2025-26,2025-10-01,3,attending_excludes_early_college,reported_headcount,11,observed,observed,14nuOyhvdQmXOtU9LaQFITrJnm1trO24_,p7; Warren 3; Total Attending Students,
attending-october,warren,2025-26,2025-10-01,4,attending_excludes_early_college,reported_headcount,15,observed,observed,14nuOyhvdQmXOtU9LaQFITrJnm1trO24_,p7; Warren 4; Total Attending Students,
attending-october,warren,2025-26,2025-10-01,5,attending_excludes_early_college,reported_headcount,10,observed,observed,14nuOyhvdQmXOtU9LaQFITrJnm1trO24_,p7; Warren 5; Total Attending Students,
attending-october,warren,2025-26,2025-10-01,6,attending_excludes_early_college,reported_headcount,16,observed,observed,14nuOyhvdQmXOtU9LaQFITrJnm1trO24_,p7; Warren 6; Total Attending Students,
attending-october,brookside,2025-26,2025-10-01,K,attending_excludes_early_college,reported_headcount,48,observed,observed,14nuOyhvdQmXOtU9LaQFITrJnm1trO24_,p7; BPS K; Total Attending Students,
attending-october,brookside,2025-26,2025-10-01,1,attending_excludes_early_college,reported_headcount,55,observed,observed,14nuOyhvdQmXOtU9LaQFITrJnm1trO24_,p7; BPS 1; Total Attending Students,
attending-october,brookside,2025-26,2025-10-01,2,attending_excludes_early_college,reported_headcount,51,observed,observed,14nuOyhvdQmXOtU9LaQFITrJnm1trO24_,p7; BPS 2; Total Attending Students,
attending-october,brookside,2025-26,2025-10-01,3,attending_excludes_early_college,reported_headcount,66,observed,observed,14nuOyhvdQmXOtU9LaQFITrJnm1trO24_,p7; BPS 3; Total Attending Students,
attending-october,brookside,2025-26,2025-10-01,4,attending_excludes_early_college,reported_headcount,65,observed,observed,14nuOyhvdQmXOtU9LaQFITrJnm1trO24_,p7; BPS 4; Total Attending Students,
attending-october,crossett-brook,2025-26,2025-10-01,5,attending_excludes_early_college,reported_headcount,67,observed,observed,14nuOyhvdQmXOtU9LaQFITrJnm1trO24_,p8; CBMS 5; Total Attending Students,
attending-october,crossett-brook,2025-26,2025-10-01,6,attending_excludes_early_college,reported_headcount,61,observed,observed,14nuOyhvdQmXOtU9LaQFITrJnm1trO24_,p8; CBMS 6; Total Attending Students,
attending-october,crossett-brook,2025-26,2025-10-01,7,attending_excludes_early_college,reported_headcount,68,observed,observed,14nuOyhvdQmXOtU9LaQFITrJnm1trO24_,p8; CBMS 7; Total Attending Students,
attending-october,crossett-brook,2025-26,2025-10-01,8,attending_excludes_early_college,reported_headcount,67,observed,observed,14nuOyhvdQmXOtU9LaQFITrJnm1trO24_,p8; CBMS 8; Total Attending Students,
attending-october,harwood-middle,2025-26,2025-10-01,7,attending_excludes_early_college,reported_headcount,68,observed,observed,14nuOyhvdQmXOtU9LaQFITrJnm1trO24_,p8; HUMS 7; Total Attending Students,
attending-october,harwood-middle,2025-26,2025-10-01,8,attending_excludes_early_college,reported_headcount,65,observed,observed,14nuOyhvdQmXOtU9LaQFITrJnm1trO24_,p8; HUMS 8; Total Attending Students,
attending-october,harwood-high,2025-26,2025-10-01,9,attending_excludes_early_college,reported_headcount,129,observed,observed,14nuOyhvdQmXOtU9LaQFITrJnm1trO24_,p8; HUHS 9; Total Attending Students,
attending-october,harwood-high,2025-26,2025-10-01,10,attending_excludes_early_college,reported_headcount,109,observed,observed,14nuOyhvdQmXOtU9LaQFITrJnm1trO24_,p8; HUHS 10; Total Attending Students,
attending-october,harwood-high,2025-26,2025-10-01,11,attending_excludes_early_college,reported_headcount,123,observed,observed,14nuOyhvdQmXOtU9LaQFITrJnm1trO24_,p8; HUHS 11; Total Attending Students,
attending-october,harwood-high,2025-26,2025-10-01,12,attending_excludes_early_college,reported_headcount,97,observed,observed,14nuOyhvdQmXOtU9LaQFITrJnm1trO24_,p8; HUHS 12; Total Attending Students,Excludes fully offsite Early College
public-pk-october,huusd,2025-26,2025-10-01,PK,attending_public_pk,reported_headcount,127,observed,observed,14nuOyhvdQmXOtU9LaQFITrJnm1trO24_,p3 (printed 2); PK Students Attending HUUSD Schools; Grand Total,Public-school PK only. This count is kept separate from the K-12 series rather than added to it.
public-pk-october,brookside,2025-26,2025-10-01,PK,attending_public_pk,reported_headcount,53,observed,observed,14nuOyhvdQmXOtU9LaQFITrJnm1trO24_,p3; PK Students Attending HUUSD Schools; BPS Total,
public-pk-october,fayston,2025-26,2025-10-01,PK,attending_public_pk,reported_headcount,23,observed,observed,14nuOyhvdQmXOtU9LaQFITrJnm1trO24_,p3; PK Students Attending HUUSD Schools; Fayston Total,2025-26 historical configuration; not a 2026-27 hub
public-pk-october,moretown,2025-26,2025-10-01,PK,attending_public_pk,reported_headcount,33,observed,observed,14nuOyhvdQmXOtU9LaQFITrJnm1trO24_,p3; PK Students Attending HUUSD Schools; Moretown Total,
public-pk-october,waitsfield,2025-26,2025-10-01,PK,attending_public_pk,reported_headcount,0,observed,observed,14nuOyhvdQmXOtU9LaQFITrJnm1trO24_,p3; PK Students Attending HUUSD Schools; Waitsfield Total,Source explicitly prints zero; not missing
public-pk-october,warren,2025-26,2025-10-01,PK,attending_public_pk,reported_headcount,18,observed,observed,14nuOyhvdQmXOtU9LaQFITrJnm1trO24_,p3; PK Students Attending HUUSD Schools; Warren Total,
district-headline-ec-inclusive,huusd,2023-24,2023-10-01,K-12,reported_including_early_college,reported_headcount,1605,observed,observed,14nuOyhvdQmXOtU9LaQFITrJnm1trO24_,p2 (printed 1); October 2023; TOT,A district headline total reporting earlier enrollment. It is 8 above the attending count; NESDEC's historical count is 7 above this headline total.
district-headline-ec-inclusive,huusd,2024-25,2024-10-01,K-12,reported_including_early_college,reported_headcount,1613,observed,observed,14nuOyhvdQmXOtU9LaQFITrJnm1trO24_,p2 (printed 1); October 2024; TOT,This total is 12 above the attending count.
district-headline-ec-inclusive,huusd,2025-26,2025-10-01,K-12,reported_including_early_college,reported_headcount,1591,observed,observed,14nuOyhvdQmXOtU9LaQFITrJnm1trO24_,p2 (printed 1); October 2025; TOT,This total is 13 above the attending count. NESDEC's base-year count matches this measure.
nesdec-2026-history,huusd,2016-17,,K-12,nesdec_2026_as_supplied_history,reported_headcount,1769,observed,observed,1yKJ2X008tCXI1tnHPcLV1MhPQh9wMZBh,p4 (printed 2); Historical Enrollment; 2016-17; K-12,A historical count as supplied to NESDEC. Its consistency with other counts has not been established.
nesdec-2026-history,huusd,2017-18,,K-12,nesdec_2026_as_supplied_history,reported_headcount,1721,observed,observed,1yKJ2X008tCXI1tnHPcLV1MhPQh9wMZBh,p4; Historical Enrollment; 2017-18; K-12,Matches the sum of district K-12+ counts. The treatment of 12+ remains unresolved.
nesdec-2026-history,huusd,2018-19,,K-12,nesdec_2026_as_supplied_history,reported_headcount,1682,observed,observed,1yKJ2X008tCXI1tnHPcLV1MhPQh9wMZBh,p4; Historical Enrollment; 2018-19; K-12,Matches 2018 school-sheet sum
nesdec-2026-history,huusd,2019-20,,K-12,nesdec_2026_as_supplied_history,reported_headcount,1668,observed,observed,1yKJ2X008tCXI1tnHPcLV1MhPQh9wMZBh,p4; Historical Enrollment; 2019-20; K-12,The UNGR value is suppressed in this edition and is not inferred by subtraction.
nesdec-2026-history,huusd,2020-21,,K-12,nesdec_2026_as_supplied_history,reported_headcount,1586,observed,observed,1yKJ2X008tCXI1tnHPcLV1MhPQh9wMZBh,p4; Historical Enrollment; 2020-21; K-12,It is not established that this count excludes fully offsite Early College students.
nesdec-2026-history,huusd,2021-22,,K-12,nesdec_2026_as_supplied_history,reported_headcount,1619,observed,observed,1yKJ2X008tCXI1tnHPcLV1MhPQh9wMZBh,p4; Historical Enrollment; 2021-22; K-12,Matches the attending count rather than attending plus Early College. The historical series cannot be described as consistently including Early College.
nesdec-2026-history,huusd,2022-23,,K-12,nesdec_2026_as_supplied_history,reported_headcount,1619,observed,observed,1yKJ2X008tCXI1tnHPcLV1MhPQh9wMZBh,p4; Historical Enrollment; 2022-23; K-12,Matches the headline total that includes Early College. It is 12 above the attending count.
nesdec-2026-history,huusd,2023-24,,K-12,nesdec_2026_as_supplied_history,reported_headcount,1612,observed,observed,1yKJ2X008tCXI1tnHPcLV1MhPQh9wMZBh,p4; Historical Enrollment; 2023-24; K-12,This count is 7 above the district headline total of 1605 and 15 above the attending count of 1597. The difference between editions remains unresolved.
nesdec-2026-history,huusd,2024-25,,K-12,nesdec_2026_as_supplied_history,reported_headcount,1613,observed,observed,1yKJ2X008tCXI1tnHPcLV1MhPQh9wMZBh,p4; Historical Enrollment; 2024-25; K-12,Matches the headline total that includes Early College. It is 12 above the attending count.
nesdec-2026-history,huusd,2025-26,,K-12,nesdec_2026_as_supplied_history,reported_headcount,1591,observed,observed,1yKJ2X008tCXI1tnHPcLV1MhPQh9wMZBh,p4; Historical Enrollment; 2025-26; K-12,Matches the headline total that includes Early College and is the base for the forecast. It is 13 above the attending count.
nesdec-2026-history,huusd,2019-20,,UNGR,nesdec_2026_as_supplied_history,reported_headcount,,suppressed,observed,1yKJ2X008tCXI1tnHPcLV1MhPQh9wMZBh,p4; Historical Enrollment; 2019-20; UNGR,Source displays <10; exact value not extracted or inferred
nesdec-2026-pk-history,huusd,2016-17,,PK,nesdec_2026_supplied_pk,reported_headcount,226,observed,observed,1yKJ2X008tCXI1tnHPcLV1MhPQh9wMZBh,p4; Historical Enrollment; 2016-17; PK,Separate district-supplied PK series; not public-campus attendance
nesdec-2026-pk-history,huusd,2017-18,,PK,nesdec_2026_supplied_pk,reported_headcount,226,observed,observed,1yKJ2X008tCXI1tnHPcLV1MhPQh9wMZBh,p4; Historical Enrollment; 2017-18; PK,
nesdec-2026-pk-history,huusd,2018-19,,PK,nesdec_2026_supplied_pk,reported_headcount,228,observed,observed,1yKJ2X008tCXI1tnHPcLV1MhPQh9wMZBh,p4; Historical Enrollment; 2018-19; PK,
nesdec-2026-pk-history,huusd,2019-20,,PK,nesdec_2026_supplied_pk,reported_headcount,142,observed,observed,1yKJ2X008tCXI1tnHPcLV1MhPQh9wMZBh,p4; Historical Enrollment; 2019-20; PK,
nesdec-2026-pk-history,huusd,2020-21,,PK,nesdec_2026_supplied_pk,reported_headcount,211,observed,observed,1yKJ2X008tCXI1tnHPcLV1MhPQh9wMZBh,p4; Historical Enrollment; 2020-21; PK,E21 headline gives205; unresolved edition difference
nesdec-2026-pk-history,huusd,2021-22,,PK,nesdec_2026_supplied_pk,reported_headcount,219,observed,observed,1yKJ2X008tCXI1tnHPcLV1MhPQh9wMZBh,p4; Historical Enrollment; 2021-22; PK,E21 headline gives218; unresolved edition difference
nesdec-2026-pk-history,huusd,2022-23,,PK,nesdec_2026_supplied_pk,reported_headcount,219,observed,observed,1yKJ2X008tCXI1tnHPcLV1MhPQh9wMZBh,p4; Historical Enrollment; 2022-23; PK,
nesdec-2026-pk-history,huusd,2023-24,,PK,nesdec_2026_supplied_pk,reported_headcount,220,observed,observed,1yKJ2X008tCXI1tnHPcLV1MhPQh9wMZBh,p4; Historical Enrollment; 2023-24; PK,
nesdec-2026-pk-history,huusd,2024-25,,PK,nesdec_2026_supplied_pk,reported_headcount,201,observed,observed,1yKJ2X008tCXI1tnHPcLV1MhPQh9wMZBh,p4; Historical Enrollment; 2024-25; PK,
nesdec-2026-pk-history,huusd,2025-26,,PK,nesdec_2026_supplied_pk,reported_headcount,196,observed,observed,1yKJ2X008tCXI1tnHPcLV1MhPQh9wMZBh,p4; Historical Enrollment; 2025-26; PK,Includes public and private PK. The public-campus attendance count of 127 is separate.
september-2026-preliminary,huusd,2026-27,,K-12,preliminary_reported_enrollment,reported_headcount,1554,observed,preliminary,1EwSuAJSRB2LzbzVriNOn5xya5ULajgBv,slide6; Preliminary column and district total,The September snapshot's exact day is unstated and the count is still under review. PK is excluded; the treatment of Early College has not been verified. Changes from a baseline are omitted.
september-2026-preliminary,brookside,2026-27,,K-4,preliminary_reported_enrollment,reported_headcount,282,observed,preliminary,1EwSuAJSRB2LzbzVriNOn5xya5ULajgBv,slide6; Brookside Primary; Preliminary,September snapshot; separate from October attending series
september-2026-preliminary,crossett-brook,2026-27,,5-8,preliminary_reported_enrollment,reported_headcount,253,observed,preliminary,1EwSuAJSRB2LzbzVriNOn5xya5ULajgBv,slide6; Crossett Brook; Preliminary,
september-2026-preliminary,fayston,2026-27,,K-6,preliminary_reported_enrollment,reported_headcount,85,observed,preliminary,1EwSuAJSRB2LzbzVriNOn5xya5ULajgBv,slide6; Fayston; Preliminary,
september-2026-preliminary,moretown,2026-27,,K-6,preliminary_reported_enrollment,reported_headcount,137,observed,preliminary,1EwSuAJSRB2LzbzVriNOn5xya5ULajgBv,slide6; Moretown; Preliminary,
september-2026-preliminary,waitsfield,2026-27,,K-6,preliminary_reported_enrollment,reported_headcount,104,observed,preliminary,1EwSuAJSRB2LzbzVriNOn5xya5ULajgBv,slide6; Waitsfield; Preliminary,
september-2026-preliminary,warren,2026-27,,K-6,preliminary_reported_enrollment,reported_headcount,86,observed,preliminary,1EwSuAJSRB2LzbzVriNOn5xya5ULajgBv,slide6; Warren; Preliminary,
september-2026-preliminary,harwood-middle,2026-27,,7-8,preliminary_reported_enrollment,reported_headcount,127,observed,preliminary,1EwSuAJSRB2LzbzVriNOn5xya5ULajgBv,slide6; Harwood Middle; Preliminary,
september-2026-preliminary,harwood-high,2026-27,,9-12,preliminary_reported_enrollment,reported_headcount,480,observed,preliminary,1EwSuAJSRB2LzbzVriNOn5xya5ULajgBv,slide6; Harwood High; Preliminary,The treatment of Early College has not been verified. This count is therefore not directly comparable to the October attending count of 458.
