series_id,entity_id,school_year,reference_date,grade_scope,population_basis,count_basis,value,value_state,status,source_id,source_locator,notes,forecast_vintage,author,base_year,horizon,assumptions
nesdec-2026-k12,huusd,2026-27,,K-12,nesdec_2026_projected_enrollment,projected_headcount,1581,observed,projection,1yKJ2X008tCXI1tnHPcLV1MhPQh9wMZBh,p6 (printed 4); 2026-27; K-12,Separate forecast; base1591 includes Early College unlike attending1578,2026-01-09-v2,New England School Development Council (NESDEC),2025-26,2026-27 through 2035-36,Modified cohort-component ratios; district-supplied base assumed consistent; births/migration/retention; future births use recent five-year average; greater reliability years1-3; annual updates
nesdec-2026-k12,huusd,2027-28,,K-12,nesdec_2026_projected_enrollment,projected_headcount,1557,observed,projection,1yKJ2X008tCXI1tnHPcLV1MhPQh9wMZBh,p6; 2027-28; K-12,Not an observed count,2026-01-09-v2,New England School Development Council (NESDEC),2025-26,2026-27 through 2035-36,Modified cohort-component ratios; district-supplied base assumed consistent; births/migration/retention; future births use recent five-year average; greater reliability years1-3; annual updates
nesdec-2026-k12,huusd,2028-29,,K-12,nesdec_2026_projected_enrollment,projected_headcount,1570,observed,projection,1yKJ2X008tCXI1tnHPcLV1MhPQh9wMZBh,p6; 2028-29; K-12,Not an observed count,2026-01-09-v2,New England School Development Council (NESDEC),2025-26,2026-27 through 2035-36,Modified cohort-component ratios; district-supplied base assumed consistent; births/migration/retention; future births use recent five-year average; greater reliability years1-3; annual updates
nesdec-2026-k12,huusd,2029-30,,K-12,nesdec_2026_projected_enrollment,projected_headcount,1550,observed,projection,1yKJ2X008tCXI1tnHPcLV1MhPQh9wMZBh,p6; 2029-30; K-12,Not an observed count,2026-01-09-v2,New England School Development Council (NESDEC),2025-26,2026-27 through 2035-36,Modified cohort-component ratios; district-supplied base assumed consistent; births/migration/retention; future births use recent five-year average; greater reliability years1-3; annual updates
nesdec-2026-k12,huusd,2030-31,,K-12,nesdec_2026_projected_enrollment,projected_headcount,1534,observed,projection,1yKJ2X008tCXI1tnHPcLV1MhPQh9wMZBh,p6; 2030-31; K-12,Not an observed count,2026-01-09-v2,New England School Development Council (NESDEC),2025-26,2026-27 through 2035-36,Modified cohort-component ratios; district-supplied base assumed consistent; births/migration/retention; future births use recent five-year average; greater reliability years1-3; annual updates
nesdec-2026-k12,huusd,2031-32,,K-12,nesdec_2026_projected_enrollment,projected_headcount,1517,observed,projection,1yKJ2X008tCXI1tnHPcLV1MhPQh9wMZBh,p6; 2031-32; K-12,Not an observed count,2026-01-09-v2,New England School Development Council (NESDEC),2025-26,2026-27 through 2035-36,Modified cohort-component ratios; district-supplied base assumed consistent; births/migration/retention; future births use recent five-year average; greater reliability years1-3; annual updates
nesdec-2026-k12,huusd,2032-33,,K-12,nesdec_2026_projected_enrollment,projected_headcount,1506,observed,projection,1yKJ2X008tCXI1tnHPcLV1MhPQh9wMZBh,p6; 2032-33; K-12,Not an observed count,2026-01-09-v2,New England School Development Council (NESDEC),2025-26,2026-27 through 2035-36,Modified cohort-component ratios; district-supplied base assumed consistent; births/migration/retention; future births use recent five-year average; greater reliability years1-3; annual updates
nesdec-2026-k12,huusd,2033-34,,K-12,nesdec_2026_projected_enrollment,projected_headcount,1497,observed,projection,1yKJ2X008tCXI1tnHPcLV1MhPQh9wMZBh,p6; 2033-34; K-12,Not an observed count,2026-01-09-v2,New England School Development Council (NESDEC),2025-26,2026-27 through 2035-36,Modified cohort-component ratios; district-supplied base assumed consistent; births/migration/retention; future births use recent five-year average; greater reliability years1-3; annual updates
nesdec-2026-k12,huusd,2034-35,,K-12,nesdec_2026_projected_enrollment,projected_headcount,1489,observed,projection,1yKJ2X008tCXI1tnHPcLV1MhPQh9wMZBh,p6; 2034-35; K-12,Not an observed count,2026-01-09-v2,New England School Development Council (NESDEC),2025-26,2026-27 through 2035-36,Modified cohort-component ratios; district-supplied base assumed consistent; births/migration/retention; future births use recent five-year average; greater reliability years1-3; annual updates
nesdec-2026-k12,huusd,2035-36,,K-12,nesdec_2026_projected_enrollment,projected_headcount,1481,observed,projection,1yKJ2X008tCXI1tnHPcLV1MhPQh9wMZBh,p6; 2035-36; K-12,Not an observed count,2026-01-09-v2,New England School Development Council (NESDEC),2025-26,2026-27 through 2035-36,Modified cohort-component ratios; district-supplied base assumed consistent; births/migration/retention; future births use recent five-year average; greater reliability years1-3; annual updates
nesdec-2026-pk,huusd,2026-27,,PK,nesdec_2026_projected_pk,projected_headcount,196,observed,projection,1yKJ2X008tCXI1tnHPcLV1MhPQh9wMZBh,p6; 2026-27; PK,Separate PK forecast; public/private coverage; not public-campus attendance,2026-01-09-v2,New England School Development Council (NESDEC),2025-26,2026-27 through 2035-36,Published PK column; overall modified cohort-component method; PK-specific formula not supplied; do not infer campus allocation
nesdec-2026-pk,huusd,2027-28,,PK,nesdec_2026_projected_pk,projected_headcount,196,observed,projection,1yKJ2X008tCXI1tnHPcLV1MhPQh9wMZBh,p6; 2027-28; PK,Not an observed count,2026-01-09-v2,New England School Development Council (NESDEC),2025-26,2026-27 through 2035-36,Published PK column; overall modified cohort-component method; PK-specific formula not supplied; do not infer campus allocation
nesdec-2026-pk,huusd,2028-29,,PK,nesdec_2026_projected_pk,projected_headcount,196,observed,projection,1yKJ2X008tCXI1tnHPcLV1MhPQh9wMZBh,p6; 2028-29; PK,Not an observed count,2026-01-09-v2,New England School Development Council (NESDEC),2025-26,2026-27 through 2035-36,Published PK column; overall modified cohort-component method; PK-specific formula not supplied; do not infer campus allocation
nesdec-2026-pk,huusd,2029-30,,PK,nesdec_2026_projected_pk,projected_headcount,197,observed,projection,1yKJ2X008tCXI1tnHPcLV1MhPQh9wMZBh,p6; 2029-30; PK,Not an observed count,2026-01-09-v2,New England School Development Council (NESDEC),2025-26,2026-27 through 2035-36,Published PK column; overall modified cohort-component method; PK-specific formula not supplied; do not infer campus allocation
nesdec-2026-pk,huusd,2030-31,,PK,nesdec_2026_projected_pk,projected_headcount,197,observed,projection,1yKJ2X008tCXI1tnHPcLV1MhPQh9wMZBh,p6; 2030-31; PK,Not an observed count,2026-01-09-v2,New England School Development Council (NESDEC),2025-26,2026-27 through 2035-36,Published PK column; overall modified cohort-component method; PK-specific formula not supplied; do not infer campus allocation
nesdec-2026-pk,huusd,2031-32,,PK,nesdec_2026_projected_pk,projected_headcount,197,observed,projection,1yKJ2X008tCXI1tnHPcLV1MhPQh9wMZBh,p6; 2031-32; PK,Not an observed count,2026-01-09-v2,New England School Development Council (NESDEC),2025-26,2026-27 through 2035-36,Published PK column; overall modified cohort-component method; PK-specific formula not supplied; do not infer campus allocation
nesdec-2026-pk,huusd,2032-33,,PK,nesdec_2026_projected_pk,projected_headcount,197,observed,projection,1yKJ2X008tCXI1tnHPcLV1MhPQh9wMZBh,p6; 2032-33; PK,Not an observed count,2026-01-09-v2,New England School Development Council (NESDEC),2025-26,2026-27 through 2035-36,Published PK column; overall modified cohort-component method; PK-specific formula not supplied; do not infer campus allocation
nesdec-2026-pk,huusd,2033-34,,PK,nesdec_2026_projected_pk,projected_headcount,198,observed,projection,1yKJ2X008tCXI1tnHPcLV1MhPQh9wMZBh,p6; 2033-34; PK,Not an observed count,2026-01-09-v2,New England School Development Council (NESDEC),2025-26,2026-27 through 2035-36,Published PK column; overall modified cohort-component method; PK-specific formula not supplied; do not infer campus allocation
nesdec-2026-pk,huusd,2034-35,,PK,nesdec_2026_projected_pk,projected_headcount,198,observed,projection,1yKJ2X008tCXI1tnHPcLV1MhPQh9wMZBh,p6; 2034-35; PK,Not an observed count,2026-01-09-v2,New England School Development Council (NESDEC),2025-26,2026-27 through 2035-36,Published PK column; overall modified cohort-component method; PK-specific formula not supplied; do not infer campus allocation
nesdec-2026-pk,huusd,2035-36,,PK,nesdec_2026_projected_pk,projected_headcount,198,observed,projection,1yKJ2X008tCXI1tnHPcLV1MhPQh9wMZBh,p6; 2035-36; PK,Not an observed count,2026-01-09-v2,New England School Development Council (NESDEC),2025-26,2026-27 through 2035-36,Published PK column; overall modified cohort-component method; PK-specific formula not supplied; do not infer campus allocation
